Designator,Mid X,Mid Y,Rotation,Layer
D1,-100.5125,22.825,0.0,bottom
D10,109.0375,22.825,0.0,bottom
D11,-100.5125,3.775,0.0,bottom
D12,-81.4625,3.775,0.0,bottom
D13,-62.4125,3.775,0.0,bottom
D14,-43.3625,3.775,0.0,bottom
D15,-24.3125,3.775,0.0,bottom
D16,32.8375,3.775,0.0,bottom
D17,51.8875,3.775,0.0,bottom
D18,70.9375,3.775,0.0,bottom
D19,89.9875,3.775,0.0,bottom
D2,-81.4625,22.825,0.0,bottom
D20,109.0375,3.775,0.0,bottom
D21,-62.4125,-34.325,0.0,bottom
D22,-43.3625,-34.325,0.0,bottom
D23,-24.3125,-34.325,0.0,bottom
D24,32.8375,-34.325,0.0,bottom
D25,51.8875,-34.325,0.0,bottom
D26,70.9375,-34.325,0.0,bottom
D27,128.2125,22.45,0.0,bottom
D28,128.2125,3.45,0.0,bottom
D3,-62.4125,22.825,0.0,bottom
D4,-43.3625,22.825,0.0,bottom
D5,-24.3125,22.825,0.0,bottom
D6,32.8375,22.825,0.0,bottom
D7,51.8875,22.825,0.0,bottom
D8,70.9375,22.825,0.0,bottom
D9,89.9875,22.825,0.0,bottom
MX1,-13.7375,-4.05,270.0,bottom
SW1,-104.9125,28.575,0.0,bottom
SW10,104.6375,28.575,0.0,bottom
SW11,-104.9125,9.525,0.0,bottom
SW12,-85.8625,9.525,0.0,bottom
SW13,-66.8125,9.525,0.0,bottom
SW14,-47.7625,9.525,0.0,bottom
SW15,-28.7125,9.525,0.0,bottom
SW16,28.4375,9.525,0.0,bottom
SW17,47.4875,9.525,0.0,bottom
SW18,66.5375,9.525,0.0,bottom
SW19,85.5875,9.525,0.0,bottom
SW2,-85.8625,28.575,0.0,bottom
SW20,104.6375,9.525,0.0,bottom
SW21,-66.8125,-28.575,0.0,bottom
SW22,-47.7625,-28.575,0.0,bottom
SW23,-28.7125,-28.575,0.0,bottom
SW24,28.4375,-28.575,0.0,bottom
SW25,47.4875,-28.575,0.0,bottom
SW26,66.5375,-28.575,0.0,bottom
SW27,123.6875,28.575,0.0,bottom
SW28,123.6875,9.525,0.0,bottom
SW3,-66.8125,28.575,0.0,bottom
SW4,-47.7625,28.575,0.0,bottom
SW5,-28.7125,28.575,0.0,bottom
SW6,28.4375,28.575,0.0,bottom
SW7,47.4875,28.575,0.0,bottom
SW8,66.5375,28.575,0.0,bottom
SW9,85.5875,28.575,0.0,bottom
U1,-0.1375,18.7,270.0,bottom
